Workbook

Sheet Segmentation Matrix
A1: SEGMENTATION MATRIX: SKILLUP ACADEMY
A2: A new digital-skills training business. Customers are grouped by the skill they want to learn.
A3: Source: Google Trends, Nigeria, past 12 months (28 September 2025 to 28 September 2026).
A5: Segment | B5: Who they are | C5: What they want | D5: Google Trends search term | E5: Average interest (0-100) | F5: Rank
A6: Cybersecurity learners | B6: IT students, and staff of banks, telecoms and government | C6: To protect systems and get security jobs | D6: Cybersecurity | E6: 43 | F6: =RANK(E6,$E$6:$E$10) -> 1
A7: Digital marketing learners | B7: Small business owners, traders and social media managers | C7: To sell more online with social media and adverts | D7: Digital marketing | E7: 33 | F7: =RANK(E7,$E$6:$E$10) -> 2
A8: Data analytics learners | B8: Graduates, and staff in finance, NGOs and research | C8: Data skills for better jobs and decisions | D8: Data analytics | E8: 18 | F8: =RANK(E8,$E$6:$E$10) -> 3
A9: Generative AI learners | B9: Students, content creators and office workers | C9: To use AI tools and prompts to work faster | D9: Generative AI + Prompt engineering | E9: 13 | F9: =RANK(E9,$E$6:$E$10) -> 4
A10: Web development learners | B10: Young people and freelancers | C10: To build websites and apps for clients | D10: Web development | E10: 13 | F10: =RANK(E10,$E$6:$E$10) -> 4

Sheet Attractiveness
A1: SEGMENT ATTRACTIVENESS SCORES
A2: Each factor is scored 1 (poor) to 5 (best); for competition, 5 means little competition. Weighted score = SUMPRODUCT of the weights and the scores, out of 5.
A3: Search interest score = ROUND(average interest / highest average x 5, 0), from Google Trends.
A4: Segment | B4: Search interest | C4: Growth | D4: Spread across Nigeria | E4: Ability to pay | F4: Competition | G4: Weighted score | H4: Rank
A5: Weight | B5: 0.3 | C5: 0.2 | D5: 0.15 | E5: 0.2 | F5: 0.15 | G5: =SUM(B5:F5) -> 1
A6: ='Segmentation Matrix'!A6 -> Cybersecurity learners | B6: =ROUND('Segmentation Matrix'!E6/MAX('Segmentation Matrix'!$E$6:$E$10)*5,0) -> 5 | C6: 5 | D6: 5 | E6: 4 | F6: 3 | G6: =SUMPRODUCT($B$5:$F$5,B6:F6) -> 4.5 | H6: =RANK(G6,$G$6:$G$10) -> 1
A7: ='Segmentation Matrix'!A7 -> Digital marketing learners | B7: =ROUND('Segmentation Matrix'!E7/MAX('Segmentation Matrix'!$E$6:$E$10)*5,0) -> 4 | C7: 3 | D7: 4 | E7: 4 | F7: 2 | G7: =SUMPRODUCT($B$5:$F$5,B7:F7) -> 3.5 | H7: =RANK(G7,$G$6:$G$10) -> 2
A8: ='Segmentation Matrix'!A8 -> Data analytics learners | B8: =ROUND('Segmentation Matrix'!E8/MAX('Segmentation Matrix'!$E$6:$E$10)*5,0) -> 2 | C8: 3 | D8: 2 | E8: 4 | F8: 3 | G8: =SUMPRODUCT($B$5:$F$5,B8:F8) -> 2.75 | H8: =RANK(G8,$G$6:$G$10) -> 4
A9: ='Segmentation Matrix'!A9 -> Generative AI learners | B9: =ROUND('Segmentation Matrix'!E9/MAX('Segmentation Matrix'!$E$6:$E$10)*5,0) -> 2 | C9: 3 | D9: 3 | E9: 3 | F9: 4 | G9: =SUMPRODUCT($B$5:$F$5,B9:F9) -> 2.85 | H9: =RANK(G9,$G$6:$G$10) -> 3
A10: ='Segmentation Matrix'!A10 -> Web development learners | B10: =ROUND('Segmentation Matrix'!E10/MAX('Segmentation Matrix'!$E$6:$E$10)*5,0) -> 2 | C10: 2 | D10: 2 | E10: 3 | F10: 2 | G10: =SUMPRODUCT($B$5:$F$5,B10:F10) -> 2.2 | H10: =RANK(G10,$G$6:$G$10) -> 5
A12: Most attractive segment | C12: =INDEX(A6:A10,MATCH(MAX(G6:G10),G6:G10,0))&" ("&TEXT(MAX(G6:G10),"0.00")&" of 5)" -> Cybersecurity learners (4.50 of 5)
A14: Basis for the scores
A15: Segment | B15: Growth (Google Trends) | D15: Spread across Nigeria (Google Trends) | F15: Ability to pay and competition
A16: =A6 -> Cybersecurity learners | B16: Highest almost all year; jumped to 100 in April 2026 after news of a breach at the CAC | D16: Most searched programme in most states, especially in the north and the middle | F16: Professionals and employers pay for training and certificates; some competition
A17: =A7 -> Digital marketing learners | B17: Steady; peaked in late January 2026, then slowly dropped | D17: Most searched programme in some southern states | F17: Business owners pay to grow sales; many free courses and agencies compete
A18: =A8 -> Data analytics learners | B18: Steady at a low level, about 15 to 25 | D18: Did not lead in any state | F18: Graduates and employers pay for job skills; some competition
A19: =A9 -> Generative AI learners | B19: Low (about 10 to 20), but rising searches for free prompt-engineering courses | D19: Strongest in Benue, Cross River, FCT (Abuja), Rivers and Kwara | F19: Students pay less; few local trainers yet, so little competition
A20: =A10 -> Web development learners | B20: Low and flat, about 10 to 20 | D20: Did not lead in any state | F20: Young learners pay less; many bootcamps and free tutorials compete

Sheet Research
A1: DESK RESEARCH
A2: Other research that backs up the Google Trends findings and the scores.
A3: Trends data: Google Trends, Nigeria, past 12 months (28 September 2025 to 28 September 2026). Web sources found on 8 October 2026; figures as the sources report them. Click a link to open the source.
A5: No. | B5: Finding | C5: Segment it supports | D5: Source | E5: Link
A6: 1 | B6: The CAC confirmed a cyber breach of its systems in April 2026, and the data protection commission (NDPC) opened an investigation. | C6: Cybersecurity | D6: AllAfrica, 16 April 2026 | E6: allafrica.com
A7: 2 | B7: Nigeria had only about 8,352 cybersecurity professionals in 2023, against 57,269 in South Africa. | C7: Cybersecurity | D7: ISC2 figures, reported by CompTIA | E7: comptia.org
A8: 3 | B8: Nigerian organisations faced about 4,388 cyber attacks a week in early 2025, 47% more than a year before. | C8: Cybersecurity | D8: Check Point, reported by BusinessDay | E8: businessday.ng
A9: 4 | B9: About 14 million Nigerian small businesses used Facebook, Instagram and WhatsApp in 2025. | C9: Digital marketing | D9: Public First report for Meta, reported by IT Edge News | E9: itedgenews.africa
A10: 5 | B10: The government's 3MTT programme aims to train three million tech talents by 2027, so demand for tech skills is growing, but free training also competes. | C10: All five | D10: Federal Ministry of Communications, Innovation and Digital Economy | E10: 3mtt.nitda.gov.ng
